Aaosphaeria_arxii	GCF_010015735.1
Absidia_glauca	GCA_900079185.1
Absidia_repens	GCA_002105175.1
Acaromyces_ingoldii	GCF_003144295.1
Acaulospora_colombiana	GCA_910592055.1
Acaulospora_morrowiae	GCA_910591835.1
Acephala_macrosclerotiorum	GCA_014904845.1
Acidomyces_sp_richmondensis	GCA_001592465.1
Acremonium_chrysogenum	GCA_000769265.1
Actinomortierella_ambigua	GCA_016098155.1
Actinomortierella_wolfii	GCA_016098105.1
Agaricus_bisporus	GCF_000300575.1
Agrocybe_aegerita	GCA_902728275.1
Agrocybe_pediades	GCA_013053245.1
Akanthomyces_lecanii	GCA_001653215.1
Allomyces_macrogynus	GCA_000151295.1
Alternaria_alternata	GCF_001642055.1
Alternaria_arborescens	GCF_004154835.1
Alternaria_atra	GCF_907166805.1
Alternaria_burnsii	GCF_013036055.1
Alternaria_gaisen	GCA_004156025.2
Alternaria_panax	GCA_019702505.1
Alternaria_rosae	GCA_020736505.1
Alternaria_sp_MG1	GCA_003574525.1
Alternaria_tenuissima	GCA_004156035.1
Amanita_brunnescens	GCA_001691785.2
Amanita_inopinata	GCA_001691775.3
Amanita_muscaria	GCA_000827485.1
Amanita_polypyramis	GCA_001691755.2
Amanita_rubescens	GCA_015039365.1
Amanita_thiersii	GCA_002554575.1
Ambispora_gerdemannii	GCA_910591945.1
Ambispora_leptoticha	GCA_910591765.1
Amniculicola_lignicola	GCA_010015725.1
Amorphotheca_resinae	GCF_003019875.1
Ampelomyces_quisqualis	GCA_010094095.1
Amylocarpus_encephaloides	GCA_019669835.1
Anaeromyces_robustus	GCA_002104895.1
Anncaliia_algerae	GCA_000385855.2
Antrodiella_citrinella	GCA_004802725.1
Apiotrichum_porosum	GCF_003942205.1
Aplosporella_prunicola	GCF_010093885.1
Apophysomyces_ossiformis	GCA_014839865.1
Apophysomyces_sp_BC1015	GCA_016097715.1
Apophysomyces_sp_BC1021	GCA_016097735.1
Apophysomyces_sp_BC1034	GCA_016097755.1
Armillaria_gallica	GCA_002307695.1
Armillaria_ostoyae	GCA_900157425.1
Armillaria_solidipes	GCA_002307675.1
Arthrobotrys_entomopaga	GCA_012184315.1
Arthrobotrys_flagrans	GCA_004000055.1
Arthroderma_uncinatum	GCF_011692745.1
Arthromyces_matolae	GCA_018855395.1
Ascobolus_immersus	GCA_003788565.2
Ascochyta_lentis	GCA_004011705.1
Ascochyta_rabiei	GCF_004011695.1
Ascodesmis_nigricans	GCA_004786065.1
Ascoidea_rubescens	GCF_001661345.1
Ascosphaera_apis	GCA_001636715.1
Ashbya_aceris	GCA_000412225.2
Aspergillus_aculeatinus	GCF_003184765.1
Aspergillus_aculeatus	GCF_001890905.1
Aspergillus_alliaceus	GCF_009176365.1
Aspergillus_arachidicola	GCA_009193545.1
Aspergillus_avenaceus	GCA_009193465.1
Aspergillus_awamori	GCA_003850985.1
Aspergillus_bertholletiae	GCA_009193595.1
Aspergillus_bombycis	GCF_001792695.1
Aspergillus_brasiliensis	GCA_001889945.1
Aspergillus_brunneoviolaceus	GCF_003184695.1
Aspergillus_burnettii	GCA_013421405.2
Aspergillus_caelatus	GCF_009193585.1
Aspergillus_calidoustus	GCA_001511075.1
Aspergillus_campestris	GCF_002847485.1
Aspergillus_candidus	GCF_002847045.1
Aspergillus_carbonarius	GCA_001990825.1
Aspergillus_chevalieri	GCF_016861735.1
Aspergillus_clavatus	GCF_000002715.2
Aspergillus_coremiiformis	GCA_009193565.1
Aspergillus_costaricensis	GCF_003184835.1
Aspergillus_cristatus	GCA_001717485.1
Aspergillus_ellipticus	GCA_003184645.1
Aspergillus_eucalypticola	GCF_003184535.1
Aspergillus_felis	GCA_014281915.1
Aspergillus_fijiensis	GCF_003184825.1
Aspergillus_fischeri	GCA_016748045.1
Aspergillus_flavus	GCA_002443195.2
Aspergillus_fumigatiaffinis	GCA_012656285.1
Aspergillus_fumigatus	GCA_000002655.1
Aspergillus_glaucus	GCF_001890805.1
Aspergillus_hancockii	GCA_001696595.2
Aspergillus_heteromorphus	GCF_003184545.1
Aspergillus_hiratsukae	GCA_014281905.1
Aspergillus_homomorphus	GCF_003184865.1
Aspergillus_ibericus	GCF_003184845.1
Aspergillus_indologenus	GCA_003184685.1
Aspergillus_japonicus	GCF_003184785.1
Aspergillus_lentulus	GCF_010724455.1
Aspergillus_leporis	GCA_009176345.1
Aspergillus_luchuensis	GCF_016861625.1
Aspergillus_minisclerotigenes	GCA_009176455.1
Aspergillus_mulundensis	GCF_003369625.1
Aspergillus_nanangensis	GCA_015844325.1
Aspergillus_neoniger	GCF_003184625.1
Aspergillus_nidulans	GCA_000011425.1
Aspergillus_niger	GCA_000002855.2
Aspergillus_nomiae	GCF_001204775.2
Aspergillus_novofumigatus	GCF_002847465.1
Aspergillus_novoparasiticus	GCA_009176405.1
Aspergillus_ochraceoroseus	GCA_000986665.1
Aspergillus_oryzae	GCA_002007945.1
Aspergillus_parasiticus	GCA_009176385.1
Aspergillus_phoenicis	GCA_003344505.1
Aspergillus_piperis	GCF_003184755.1
Aspergillus_pseudocaelatus	GCA_009193665.1
Aspergillus_pseudonomiae	GCF_009193645.1
Aspergillus_pseudotamarii	GCF_009193445.1
Aspergillus_pseudoviridinutans	GCF_018340605.1
Aspergillus_puulaauensis	GCF_016861865.1
Aspergillus_rambellii	GCA_000986645.1
Aspergillus_ruber	GCF_000600275.1
Aspergillus_saccharolyticus	GCF_003184585.1
Aspergillus_sclerotialis	GCA_003589665.1
Aspergillus_sclerotiicarbonarius	GCA_003184635.1
Aspergillus_sclerotioniger	GCF_003184525.1
Aspergillus_sergii	GCA_009193525.1
Aspergillus_sp_HF37	GCA_003698115.1
Aspergillus_steynii	GCF_002849105.1
Aspergillus_sydowii	GCF_001890705.1
Aspergillus_taichungensis	GCA_002850765.1
Aspergillus_tamarii	GCA_009193485.1
Aspergillus_tanneri	GCF_003426965.1
Aspergillus_terreus	GCA_009014675.2
Aspergillus_thermomutatus	GCF_002237265.1
Aspergillus_transmontanensis	GCA_009193505.1
Aspergillus_tubingensis	GCF_013340325.1
Aspergillus_turcosus	GCA_002234965.2
Aspergillus_udagawae	GCF_001078395.1
Aspergillus_ustus	GCA_000812125.1
Aspergillus_uvarum	GCF_003184745.1
Aspergillus_vadensis	GCF_003184925.1
Aspergillus_versicolor	GCF_001890125.1
Aspergillus_violaceofuscus	GCA_003184705.1
Aspergillus_viridinutans	GCF_018404265.1
Aspergillus_welwitschiae	GCF_003344945.1
Aspergillus_wentii	GCF_001890725.1
Asterophora_parasitica	GCA_018282005.1
Astraeus_odoratus	GCA_016618355.2
Athelia_sp_TMB	GCA_014898675.1
Aulographum_hederae	GCA_010015705.1
Aureobasidium_melanogenum	GCA_019923975.1
Aureobasidium_mustum	GCA_903819665.1
Aureobasidium_namibiae	GCF_000721765.1
Aureobasidium_pullulans	GCA_004917105.1
Aureobasidium_sp_EXF-3399	GCA_019924955.1
Aureobasidium_subglaciale	GCF_000721755.1
Aureobasidium_uvarum	GCA_903853725.1
Aureobasidium_vineae	GCA_903819635.1
Auricularia_subglabra	GCF_000265015.1
Auriculariales_sp_MPI-PUGE-AT-0066	GCA_020744175.1
Auriculariopsis_ampla	GCA_007026445.1
Austropuccinia_psidii	GCA_000469055.2
Babjeviella_inositovora	GCF_001661335.1
Bacidia_gigantensis	GCF_019456465.1
Basidiobolus_meristosporus	GCA_002104905.1
Batrachochytrium_dendrobatidis	GCF_000203795.1
Batrachochytrium_salamandrivorans	GCA_020617735.1
Baudoinia_panamericana	GCF_000338955.1
Beauveria_bassiana	GCA_001682635.1
Beauveria_brongniartii	GCA_001636735.1
Bifiguratus_adelaidae	GCA_002261195.1
Bimuria_novae-zelandiae	GCA_010015655.1
Bipolaris_maydis	GCA_019454015.1
Bipolaris_oryzae	GCF_000523455.1
Bipolaris_sorokiniana	GCA_013416765.1
Bipolaris_victoriae	GCF_000527765.1
Bipolaris_zeicola	GCF_000523435.1
Blastomyces_dermatitidis	GCA_000151595.1
Blastomyces_gilchristii	GCF_000003855.2
Blastomyces_parvus	GCA_002572885.1
Blastomyces_percursus	GCA_001883805.1
Blastomyces_silverae	GCA_001014755.1
Blastosporella_zonata	GCA_018856295.1
Blumeria_graminis	GCA_000418435.1
Blumeria_hordei	GCA_900237765.1
Boeremia_exigua	GCA_020726555.1
Boletus_edulis	GCA_014925795.1
Boletus_reticuloceps	GCA_018397855.1
Bondarzewia_mesenterica	GCA_004802705.1
Botryobasidium_botryosum	GCA_000697705.1
Botryosphaeria_dothidea	GCA_011503125.2
Botryotinia_calthae	GCA_004379285.1
Botryotinia_convoluta	GCA_004786275.1
Botryotinia_globosa	GCA_014898425.1
Botryotinia_narcissicola	GCA_004786225.1
Botrytis_aclada	GCA_014898285.1
Botrytis_byssoidea	GCF_014898295.1
Botrytis_cinerea	GCF_000143535.2
Botrytis_deweyae	GCF_014898535.1
Botrytis_elliptica	GCA_014898555.1
Botrytis_fragariae	GCF_013461495.1
Botrytis_galanthina	GCA_004916875.1
Botrytis_hyacinthi	GCA_004786245.1
Botrytis_paeoniae	GCA_004786145.1
Botrytis_porri	GCF_014898465.1
Botrytis_sinoallii	GCF_014898435.1
Botrytis_squamosa	GCA_014898485.1
Botrytis_tulipae	GCA_004786125.1
Brettanomyces_bruxellensis	GCF_011074885.1
Brettanomyces_naardenensis	GCA_900660285.1
Brettanomyces_nanus	GCF_011074865.1
Butyriboletus_roseoflavus	GCA_019364595.1
Byssothecium_circinans	GCA_010015675.1
Cadophora_malorum	GCA_017365405.1
Cadophora_sp_DSE1049	GCA_003073865.1
Cadophora_sp_M221	GCA_017366145.1
Calocera_cornea	GCA_001632435.1
Calocera_viscosa	GCA_001630345.1
Calycina_marina	GCA_019669825.1
Candida_africana	GCA_019359905.1
Candida_albicans	GCA_014049485.1
Candida_arabinofermentans	GCA_001661425.1
Candida_auris	GCF_002775015.1
Candida_boidinii	GCA_002007985.1
Candida_californica	GCA_016584195.1
Candida_dubliniensis	GCF_000026945.1
Candida_duobushaemulonis	GCF_002926085.2
Candida_glabrata	GCF_000002545.3
Candida_haemuloni	GCF_002926055.2
Candida_inconspicua	GCA_004931855.1
Candida_intermedia	GCA_900106115.1
Candida_maltosa	GCA_000344705.1
Candida_metapsilosis	GCA_017655625.1
Candida_orthopsilosis	GCF_000315875.1
Candida_parapsilosis	GCF_000182765.1
Candida_pseudohaemulonii	GCF_003013735.1
Candida_subhashii	GCA_019202705.1
Candida_tropicalis	GCA_017315405.1
Candida_viswanathii	GCF_003327735.1
Candolleomyces_aberdarensis	GCA_004126415.1
Cantharellus_anzutake	GCF_015039405.1
Capronia_coronata	GCF_000585585.1
Capronia_epimyces	GCF_000585565.1
Catenaria_anguillulae	GCA_002102555.1
Caulochytrium_protostelioides	GCA_003615045.1
Cenococcum_geophilum	GCA_001692895.1
Ceraceosorus_bombacis	GCA_900000165.1
Ceraceosorus_guamensis	GCF_003144195.1
Ceratobasidium_sp_370	GCA_019677355.1
Ceratobasidium_sp_392	GCA_019677385.1
Ceratobasidium_sp_394	GCA_019616325.1
Ceratobasidium_sp_395	GCA_019616345.1
Ceratobasidium_sp_414	GCA_019616945.1
Ceratobasidium_sp_423	GCA_019616915.1
Ceratobasidium_sp_428	GCA_019623705.1
Ceratobasidium_sp_AG-Ba	GCA_016906575.1
Ceratobasidium_sp_AG-I	GCA_015039395.1
Ceratobasidium_sp_UAMH_11750	GCA_019677335.1
Ceratobasidium_theobromae	GCA_009078325.1
Ceratocystis_fimbriata	GCA_000389695.3
Ceratocystis_platani	GCA_000978885.1
Cercospora_berteroae	GCA_002933655.1
Cercospora_beticola	GCF_002742065.1
Cercospora_kikuchii	GCF_019650295.1
Cercospora_zeae-maydis	GCA_010093985.1
Cercospora_zeina	GCA_002844615.1
Cetraspora_pellucida	GCA_910591915.1
Chaetomium_globosum	GCA_020726465.1
Chaetomium_sp_MPI-CAGE-AT-0009	GCA_020736525.1
Chaetomium_sp_MPI-SDFR-AT-0129	GCA_020726445.1
Chaetomium_thermophilum	GCF_000221225.1
Chaetothyriales_sp_CBS_132003	GCA_003709865.1
Chaetothyriales_sp_CBS_134916	GCA_003709845.1
Chaetothyriales_sp_CBS_134920	GCA_003693665.1
Chaetothyriales_sp_CBS_135597	GCA_003709825.1
Chalara_longipes	GCA_009732865.1
Chiua_virens	GCA_019787685.1
Chlorociboria_aeruginascens	GCA_002276475.2
Choanephora_cucurbitarum	GCA_001683725.1
Choiromyces_venosus	GCA_003788595.2
Chytriomyces_confervae	GCA_006535975.1
Cladophialophora_bantiana	GCF_000835475.1
Cladophialophora_carrionii	GCA_001700775.1
Cladophialophora_immunda	GCF_000835495.1
Cladophialophora_psammophila	GCF_000585535.1
Cladophialophora_yegresii	GCF_000585515.1
Claroideoglomus_candidum	GCA_910592215.1
Clathrospora_elynae	GCA_010015635.1
Clathrus_columnatus	GCA_020884735.1
Claviceps_aff_humidiphila_group_G2b	GCA_018360325.1
Claviceps_aff_purpurea	GCA_018361025.1
Claviceps_africana	GCA_018360145.1
Claviceps_arundinis	GCA_018360175.1
Claviceps_capensis	GCA_018360045.1
Claviceps_citrina	GCA_018360365.1
Claviceps_cyperi	GCA_018360075.1
Claviceps_digitariae	GCA_018360205.1
Claviceps_humidiphila	GCA_018360465.1
Claviceps_lovelessii	GCA_018360185.1
Claviceps_maximensis	GCA_018360255.1
Claviceps_monticola	GCA_018360055.1
Claviceps_pazoutovae	GCA_018360065.1
Claviceps_purpurea	GCA_018360475.1
Claviceps_pusilla	GCA_018360225.1
Claviceps_sorghi	GCA_018360135.1
Claviceps_sp_Clav32_group_G5	GCA_018360355.1
Claviceps_sp_Clav50_group_G5	GCA_018360525.1
Claviceps_sp_LM218_group_G6	GCA_018360435.1
Claviceps_sp_LM219_group_G6	GCA_018360595.1
Claviceps_sp_LM220_group_G6	GCA_018360445.1
Claviceps_sp_LM454_group_G7	GCA_018360575.1
Claviceps_sp_LM458_group_G5	GCA_018360275.1
Claviceps_sp_LM77_group_G4	GCA_018360375.1
Claviceps_sp_LM78_group_G4	GCA_018360385.1
Claviceps_sp_LM84_group_G4	GCA_018360345.1
Claviceps_spartinae	GCA_018360215.1
Clavispora_lusitaniae	GCA_001673695.2
Clavulina_sp_PMI_390	GCA_015039315.1
Clohesyomyces_aquaticus	GCA_002105025.1
Clonostachys_byssicola	GCA_902006505.2
Clonostachys_rhizophaga	GCA_902077795.2
Clonostachys_rosea	GCA_902085965.1
Clonostachys_solani	GCA_902141235.2
Coccidioides_immitis	GCA_004115165.2
Coccidioides_posadasii	GCF_000151335.2
Coemansia_reversa	GCA_002705745.1
Coleophoma_crateriformis	GCA_003369635.1
Coleophoma_cylindrospora	GCA_003369665.1
Colletotrichum_aenigma	GCF_013390185.1
Colletotrichum_asianum	GCA_009806415.1
Colletotrichum_camelliae	GCA_011947485.2
Colletotrichum_chlorophyti	GCA_001937105.1
Colletotrichum_fioriniae	GCF_000582985.1
Colletotrichum_fructicola	GCF_009771025.1
Colletotrichum_gloeosporioides	GCA_011800055.1
Colletotrichum_graminicola	GCF_000149035.1
Colletotrichum_higginsianum	GCA_000313795.2
Colletotrichum_incanum	GCA_001625285.1
Colletotrichum_karsti	GCF_011947395.1
Colletotrichum_musicola	GCA_014235935.1
Colletotrichum_nymphaeae	GCA_001563115.1
Colletotrichum_orbiculare	GCA_000350065.2
Colletotrichum_orchidophilum	GCF_001831195.1
Colletotrichum_plurivorum	GCA_014235945.1
Colletotrichum_salicis	GCA_001563125.1
Colletotrichum_scovillei	GCF_011075155.1
Colletotrichum_shisoi	GCA_006783085.1
Colletotrichum_siamense	GCF_013390195.1
Colletotrichum_simmondsii	GCA_001563135.1
Colletotrichum_spinosum	GCA_004366825.1
Colletotrichum_sublineola	GCA_000696135.1
Colletotrichum_tanaceti	GCA_005350895.1
Colletotrichum_tofieldiae	GCA_001625265.1
Colletotrichum_trifolii	GCA_004367215.1
Colletotrichum_tropicale	GCA_013201785.1
Colletotrichum_truncatum	GCF_014235925.1
Colletotrichum_viniferum	GCA_013201765.1
Coniella_lustricola	GCA_003019895.1
Coniochaeta_ligniaria	GCA_001879275.1
Coniochaeta_pulveracea	GCA_003635345.1
Coniophora_puteana	GCF_000271625.1
Coniosporium_apollinis	GCF_000281105.1
Coprinellus_micaceus	GCA_004369175.1
Coprinopsis_cinerea	GCF_000182895.1
Cordyceps_fumosorosea	GCF_001636725.1
Cordyceps_javanica	GCA_006981975.1
Cordyceps_militaris	GCA_008080495.1
Cordyceps_sp_RAO-2017	GCA_002591385.1
Corynespora_cassiicola	GCA_003016335.1
Crassisporium_funariophilum	GCA_014925845.1
Crepidotus_variabilis	GCA_015657495.1
Cronartium_quercuum	GCA_015951145.1
Crucibulum_laeve	GCA_004379715.1
Cryomyces_minteri	GCA_005059845.1
Cryphonectria_parasitica	GCF_011745365.1
Cryptococcus_amylolentus	GCF_001720205.1
Cryptococcus_depauperatus	GCA_001720245.1
Cryptococcus_floricola	GCA_008355005.1
Cryptococcus_gattii_VGI	GCA_000835745.1
Cryptococcus_gattii_VGII	GCA_000836455.1
Cryptococcus_gattii_VGIII	GCA_000855695.1
Cryptococcus_neoformans	GCA_002215745.1
Cryptococcus_wingfieldii	GCF_001720155.1
Cucumispora_dikerogammari	GCA_014805705.1
Cucurbitaria_berberidis	GCF_010015615.1
Cudoniella_acicularis	GCA_013054445.1
Curvularia_kusanoi	GCA_011058905.1
Cutaneotrichosporon_oleaginosum	GCF_001027345.1
Cyathus_striatus	GCA_015501535.1
Cyberlindnera_fabianii	GCA_001983305.1
Cyberlindnera_jadinii	GCA_001245095.1
Cylindrobasidium_torrendii	GCA_000934385.1
Cylindrodendrum_hubeiense	GCA_014621425.1
Cyphellophora_europaea	GCF_000365145.1
Cytospora_leucostoma	GCA_003795295.1
Dacryopinax_primogenitus	GCF_000292625.1
Dactylella_cylindrospora	GCA_012184295.1
Dactylellina_cionopaga	GCA_012184355.1
Dactylellina_haptotyla	GCF_000441935.1
Dactylonectria_estremocensis	GCA_020744375.1
Dactylonectria_macrodidyma	GCA_020744425.1
Daedalea_quercina	GCA_001632345.1
Daldinia_childiae	GCF_008694065.1
Daldinia_sp_EC12	GCA_002120325.1
Debaryomyces_fabryi	GCF_001447935.2
Debaryomyces_hansenii	GCA_000006445.2
Decorospora_gaudefroyi	GCA_010015605.1
Delitschia_confertaspora	GCA_010093945.1
Delphinella_strobiligena	GCA_009982845.1
Dendrothele_bispora	GCA_004369135.1
Dendryphion_nanum	GCA_020744415.1
Dentipellis_fragilis	GCA_004679275.1
Dentipellis_sp_KUC8613	GCA_002286715.1
Dentiscutata_erythropus	GCA_910591965.1
Dentiscutata_heterogama	GCA_910591775.1
Diaporthe_ampelina	GCA_001006365.1
Diaporthe_batatas	GCF_019321695.1
Diaporthe_citri	GCF_014595645.1
Diaporthe_helianthi	GCA_001702395.2
Dichomitus_squalens	GCA_004307905.1
Dictyocoela_muelleri	GCA_016256075.1
Dictyocoela_roeselum	GCA_016255985.1
Didymella_exigua	GCF_010094145.1
Didymella_heteroderae	GCA_011058895.1
Didymella_keratinophila	GCA_011058865.1
Didymosphaeria_enalia	GCA_010094045.1
Diplodia_corticola	GCF_001883845.1
Diplodia_seriata	GCA_001975905.1
Dissoconium_aciculare	GCF_010015565.1
Dissophora_globulifera	GCA_016097935.1
Dissophora_ornata	GCA_015499975.1
Diutina_rugosa	GCF_008704595.1
Diversispora_eburnea	GCA_910592015.1
Diversispora_epigaea	GCA_003547095.1
Dothidotthia_symphoricarpi	GCA_010015815.1
Dothistroma_septosporum	GCA_000340195.1
Drechmeria_coniospora	GCF_001625195.1
Drechslerella_brochopaga	GCA_012184305.1
Drechslerella_stenobrocha	GCA_000525045.1
Drepanopeziza_brunnea	GCF_000298775.1
Edhazardia_aedis	GCA_000230595.3
Elaphomyces_granulatus	GCA_002240705.1
Elsinoe_ampelina	GCA_010093995.1
Elsinoe_australis	GCA_003013795.1
Elsinoe_batatas	GCA_017309325.2
Elsinoe_fawcettii	GCA_012977835.1
Emergomyces_africanus	GCA_001660665.1
Emergomyces_pasteurianus	GCA_001883825.1
Emericellopsis_atlantica	GCA_019669845.1
Emmonsia_crescens	GCA_002572855.1
Encephalitozoon_cuniculi	GCA_001078035.1
Encephalitozoon_hellem	GCA_018342045.1
Encephalitozoon_intestinalis	GCF_000146465.1
Encephalitozoon_romaleae	GCF_000280035.1
Endocarpon_pusillum	GCA_014607435.1
Endogone_sp_FLAS-F59071	GCA_003990785.1
Enterocytozoon_bieneusi	GCF_000209485.1
Enterocytozoon_hepatopenaei	GCA_002081675.1
Enterospora_canceri	GCA_002087915.1
Entomophthora_muscae	GCA_014839935.1
Entomortierella_beljakovae	GCA_015679585.1
Entomortierella_chlamydospora	GCA_015849335.1
Entomortierella_lignicola	GCA_015500005.1
Entomortierella_parvispora	GCA_020891255.1
Epichloe_festucae	GCA_003814445.1
Epicoccum_nigrum	GCA_002116315.1
Eremomyces_bilateralis	GCF_010015585.1
Eremothecium_cymbalariae	GCF_000235365.1
Eremothecium_gossypii	GCF_000091025.4
Erysiphe_necator	GCA_000798715.1
Erysiphe_pulchra	GCA_002918395.1
Escovopsis_weberi	GCA_001278495.1
Eutypa_lata	GCF_000349385.1
Exidia_glandulosa	GCA_001632375.1
Exophiala_aquamarina	GCF_000709125.1
Exophiala_dermatitidis	GCF_000230625.1
Exophiala_mesophila	GCF_000836275.1
Exophiala_oligosperma	GCF_000835515.1
Exophiala_sideris	GCA_000835395.1
Exophiala_spinifera	GCF_000836115.1
Exophiala_xenobiotica	GCF_000835505.1
Exserohilum_turcicum	GCF_000359705.1
Fibroporia_radiculosa	GCF_000313525.1
Fibularhizoctonia_sp_CBS_109695	GCA_001630335.1
Filobasidium_floriforme	GCA_019201745.1
Fistulina_hepatica	GCA_000934395.1
Flammula_alnicola	GCA_015499995.1
Fomitiporia_mediterranea	GCF_000271605.1
Fomitopsis_pinicola	GCA_000344655.2
Fomitopsis_rosea	GCA_004679265.1
Fonsecaea_erecta	GCF_001651985.1
Fonsecaea_monophora	GCF_001642475.1
Fonsecaea_multimorphosa	GCA_001646985.1
Fonsecaea_nubica	GCF_001646965.1
Fonsecaea_pedrosoi	GCA_020310725.1
Friedmanniomyces_endolithicus	GCA_005059855.1
Friedmanniomyces_simplex	GCA_005059865.1
fungal_sp_11243	GCA_000836255.1
fungal_sp_14919	GCA_002003505.1
Funneliformis_mosseae	GCA_910592005.1
Fusarium_agapanthi	GCA_001654555.2
Fusarium_albosuccineum	GCA_012931995.1
Fusarium_ambrosium	GCA_003947045.1
Fusarium_anthophilum	GCA_013364935.1
Fusarium_austroafricanum	GCA_012932025.1
Fusarium_austroamericanum	GCA_013364965.1
Fusarium_avenaceum	GCA_000769215.1
Fusarium_beomiforme	GCA_002980475.2
Fusarium_bulbicola	GCA_013758895.1
Fusarium_circinatum	GCA_013396185.1
Fusarium_coffeatum	GCF_003316985.1
Fusarium_coicis	GCA_013781345.1
Fusarium_culmorum	GCA_016952355.1
Fusarium_decemcellulare	GCA_013266205.1
Fusarium_denticulatum	GCA_013396175.1
Fusarium_equiseti	GCA_910393935.1
Fusarium_euwallaceae	GCA_003957675.1
Fusarium_flagelliforme	GCA_020744385.1
Fusarium_floridanum	GCA_003947005.1
Fusarium_fujikuroi	GCA_001023035.1
Fusarium_gaditjirri	GCA_013266175.1
Fusarium_globosum	GCA_013396165.1
Fusarium_graminearum	GCA_000599445.1
Fusarium_graminum	GCA_013266165.1
Fusarium_heterosporum	GCA_013396295.1
Fusarium_kuroshium	GCA_003698175.1
Fusarium_langsethiae	GCA_001292635.1
Fusarium_longipes	GCA_003012285.1
Fusarium_mangiferae	GCF_900044065.1
Fusarium_mexicanum	GCA_013396015.1
Fusarium_mundagurra	GCA_013396205.1
Fusarium_musae	GCF_019915245.1
Fusarium_napiforme	GCA_013396005.1
Fusarium_nygamai	GCA_002894225.1
Fusarium_odoratissimum	GCA_000350365.1
Fusarium_oxysporum	GCA_003615115.1
Fusarium_phyllophilum	GCA_013396025.1
Fusarium_poae	GCF_019609905.1
Fusarium_proliferatum	GCA_003290285.1
Fusarium_pseudoanthophilum	GCA_013395995.1
Fusarium_pseudocircinatum	GCA_013396035.1
Fusarium_pseudograminearum	GCA_001703955.2
Fusarium_redolens	GCA_020744475.1
Fusarium_sarcochroum	GCA_013266185.1
Fusarium_solani	GCA_020744495.1
Fusarium_sp_AF-4	GCA_003946995.1
Fusarium_sp_AF-6	GCA_003947015.1
Fusarium_sp_AF-8	GCA_003946985.1
Fusarium_sp_DS_682	GCA_014764975.1
Fusarium_sp_MPI-SDFR-AT-0072	GCA_020744335.1
Fusarium_sp_NRRL_25303	GCA_013396255.1
Fusarium_sp_NRRL_52700	GCA_013396095.1
Fusarium_sp_NRRL_66182	GCA_013266265.1
Fusarium_sporotrichioides	GCA_003012315.1
Fusarium_subglutinans	GCF_013396075.1
Fusarium_tjaetaba	GCF_013396195.1
Fusarium_tricinctum	GCA_020744515.1
Fusarium_vanettenii	GCF_000151355.1
Fusarium_venenatum	GCF_900007375.1
Fusarium_verticillioides	GCA_003316975.2
Fusarium_xylarioides	GCA_018296245.1
Fusarium_zealandicum	GCA_013266195.1
Gaeumannomyces_tritici	GCF_000145635.1
Galactomyces_reessii	GCA_013305925.1
Gamsiella_multidivaricata	GCA_016098015.1
Ganoderma_sinense	GCA_002760635.1
Gautieria_morchelliformis	GCA_015179125.1
Gelatoporia_subvermispora	GCA_000320605.2
Geosiphon_pyriformis	GCA_016748015.1
Geosmithia_morbida	GCF_012550715.1
Geotrichum_candidum	GCA_013365045.1
Gigaspora_margarita	GCA_009809945.1
Gigaspora_rosea	GCA_003550325.1
Glarea_lozoyensis	GCA_000238015.2
Gloeophyllum_trabeum	GCF_000344685.1
Glomus_cerebriforme	GCA_003550305.1
Glonium_stellatum	GCA_001692915.1
Glutinoglossum_americanum	GCA_020080175.1
Golovinomyces_cichoracearum	GCA_003611235.1
Golovinomyces_magnicellulatus	GCA_006912115.1
Gonapodya_prolifera	GCA_001574975.1
Grifola_frondosa	GCA_001683735.1
Grosmannia_clavigera	GCF_000143105.1
Gryganskiella_cystojenkinii	GCA_015852425.1
Guyanagaster_necrorhizus	GCF_019112545.1
Gymnopilus_dilepis	GCA_002938385.1
Gymnopilus_junonius	GCA_015501075.1
Gymnopus_androsaceus	GCA_009733575.1
Gymnopus_confluens	GCA_013368555.1
Gymnopus_luxurians	GCA_000827265.1
Halenospora_varia	GCA_020726485.1
Hamiltosporidium_magnivora	GCA_004325065.1
Hamiltosporidium_tvaerminnensis	GCA_004325075.1
Hanseniaspora_guilliermondii	GCA_900119595.1
Hanseniaspora_opuntiae	GCA_001749795.1
Hanseniaspora_osmophila	GCA_001747045.1
Hanseniaspora_uvarum	GCA_001747055.1
Hanseniaspora_valbyensis	GCA_001664025.1
Haplosporangium_bisporale	GCA_015500155.1
Haplosporangium_gracile	GCA_015499985.1
Haplosporangium_sp_Z_11	GCA_015529505.1
Haplosporangium_sp_Z_27	GCA_015529795.1
Haplosporangium_sp_Z_767	GCA_015529515.1
Hebeloma_cylindrosporum	GCA_000827355.1
Helicocarpus_griseus	GCA_002573585.1
Heliocybe_sulcata	GCA_004369045.1
Helotiales_sp_DMI_Dod_QoI	GCA_009613015.1
Hepatospora_eriocheir	GCA_002087885.1
Hericium_alpestre	GCA_004681135.1
Hesseltinella_vesiculosa	GCA_002104935.1
Heterobasidion_irregulare	GCF_000320585.1
Hirsutella_minnesotensis	GCA_000956045.1
Hirsutella_rhossiliensis	GCF_020360975.1
Histoplasma_capsulatum	GCA_017310585.1
Hortaea_thailandica	GCA_005059885.1
Hortaea_werneckii	GCA_003704345.1
Hyaloscypha_bicolor	GCF_002865645.1
Hyaloscypha_hepaticicola	GCA_002865625.1
Hyaloscypha_variabilis	GCA_002865655.1
Hydnomerulius_pinastri	GCA_000827185.1
Hymenopellis_radicata	GCA_015501595.1
Hymenoscyphus_albidus	GCA_911693285.1
Hymenoscyphus_fraxineus	GCA_911649665.1
Hyphodiscus_hymeniophilus	GCA_016508695.1
Hypholoma_sublateritium	GCA_000827495.1
Hyphopichia_burtonii	GCF_001661395.1
Hypoxylon_sp_CO27-5	GCA_002120305.1
Hypoxylon_sp_EC38	GCA_002120335.1
Hypsizygus_marmoreus	GCA_001605315.2
Hysterangium_stoloniferum	GCA_015178975.1
Ilyonectria_destructans	GCA_020740775.1
Ilyonectria_sp_MPI-CAGE-AT-0026	GCA_020744155.1
Infundibulicybe_gibba	GCA_015501065.1
Jaapia_argillacea	GCA_000697665.1
Jaminaea_rosea	GCF_003144245.1
Jimgerdemannia_flammicorona	GCA_003990745.1
Kalaharituber_pfeilii	GCA_015179045.1
Kalmanozyma_brasiliensis	GCF_000497045.1
Karstenula_rhodostoma	GCA_010093485.1
Kazachstania_africana	GCF_000304475.1
Kazachstania_barnettii	GCF_903064755.1
Kazachstania_exigua	GCA_016584175.1
Kazachstania_naganishii	GCF_000348985.1
Kazachstania_saulgeensis	GCA_900180425.1
Kazachstania_unispora	GCA_016584185.1
Kluyveromyces_dobzhanskii	GCA_000820885.1
Kluyveromyces_lactis	GCF_000002515.2
Kluyveromyces_marxianus	GCA_001417835.1
Kockovaella_imperatae	GCF_002102565.1
Komagataella_pastoris	GCA_001708105.1
Komagataella_phaffii	GCA_001708085.1
Kuraishia_capsulata	GCF_000576695.1
Kwoniella_bestiolae	GCF_000512585.1
Kwoniella_dejecticola	GCF_000512565.1
Kwoniella_heveanensis	GCA_000507405.3
Kwoniella_mangrovensis	GCA_000507885.2
Kwoniella_pini	GCF_000512605.1
Kwoniella_shandongensis	GCF_008629635.1
Laccaria_amethystina	GCA_000827195.1
Laccaria_bicolor	GCF_000143565.1
Lachancea_dasiensis	GCA_900074725.1
Lachancea_fermentati	GCA_900074765.1
Lachancea_lanzarotensis	GCF_000938715.1
Lachancea_meyersii	GCA_900074715.1
Lachancea_mirantina	GCA_900074745.1
Lachancea_quebecensis	GCA_002900925.1
Lachancea_sp_PJ-2012a	GCA_900074735.1
Lachancea_thermotolerans	GCF_000142805.1
Lachnellula_arida	GCA_007821475.1
Lachnellula_cervina	GCA_007825325.1
Lachnellula_hyalina	GCF_007821495.1
Lachnellula_occidentalis	GCA_007821535.1
Lachnellula_subtilissima	GCA_007821545.1
Lachnellula_suecica	GCA_007825345.1
Lachnellula_willkommii	GCA_007825375.1
Lactarius_quietus	GCA_015025155.1
Laetiporus_sulphureus	GCF_001632365.1
Lanmaoa_asiatica	GCA_020310465.1
Lasallia_pustulata	GCA_900169345.1
Lasiodiplodia_theobromae	GCF_012971845.1
Lentinula_edodes	GCA_015476405.1
Lentinus_tigrinus	GCA_003813205.1
Lentithecium_fluviatile	GCA_010405425.1
Leotiomycetes_sp_MPI-SDFR-AT-0126	GCA_020747065.1
Lepidopterella_palustris	GCA_001692735.1
Lepista_nuda	GCA_015584075.1
Leptodontidium_sp_MPI-SDFR-AT-0119	GCA_020726505.1
Leptosphaeria_maculans	GCA_000230375.1
Letharia_columbiana	GCF_014066305.1
Letharia_lupina	GCF_014066315.1
Leucoagaricus_leucothites	GCA_013368445.1
Leucoagaricus_sp_SymCcos	GCA_001563735.1
Leucosporidium_creatinivorum	GCA_002105055.1
Lichtheimia_corymbifera	GCA_000723665.1
Lichtheimia_ramosa	GCA_000945115.1
Linderina_pennispora	GCF_002104995.1
Lindgomyces_ingoldianus	GCF_010093535.1
Lineolata_rhizophorae	GCA_010093515.1
Linnemannia_elongata	GCA_020744185.1
Linnemannia_exigua	GCA_016097895.1
Linnemannia_gamsii	GCA_016097855.1
Linnemannia_hyalina	GCA_019671135.1
Linnemannia_schmuckeri	GCA_015502505.1
Linnemannia_zychae	GCA_015847235.1
Lipomyces_starkeyi	GCA_001661325.1
Lizonia_empirigonia	GCA_009982855.1
Lobosporangium_transversale	GCF_002105155.1
Lodderomyces_elongisporus	GCF_000149685.1
Lomentospora_prolificans	GCA_002276285.1
Lophiostoma_macrostomum	GCA_010405375.1
Lophiotrema_nucula	GCA_010015825.1
Lophium_mytilinum	GCA_010093605.1
Lunasporangiospora_selenospora	GCA_015680635.1
Lyophyllum_atratum	GCA_014905825.1
Macrolepiota_fuliginosa	GCA_015584085.1
Macrophomina_phaseolina	GCA_020744275.1
Macroventuria_anomochaeta	GCF_010093625.1
Madurella_mycetomatis	GCA_001275765.2
Magnaporthiopsis_poae	GCA_000193285.1
Malassezia_globosa	GCF_000181695.1
Malassezia_pachydermatis	GCF_001278385.1
Malassezia_restricta	GCF_003290485.1
Malassezia_sympodialis	GCF_000349305.1
Malassezia_vespertilionis	GCA_002818225.1
Marasmius_oreades	GCF_018924745.1
Marssonina_coronariae	GCA_002204255.1
Massarina_eburnea	GCA_010093635.1
Massariosphaeria_phaeospora	GCA_011032825.1
Meira_miltonrushii	GCF_003144205.1
Melampsora_larici-populina	GCF_000204055.1
Melanogaster_broomeanus	GCA_014904935.1
Melanomma_pulvis-pyrius	GCA_010093585.1
Metarhizium_acridum	GCA_019434395.1
Metarhizium_album	GCF_000804445.1
Metarhizium_anisopliae	GCA_013305495.1
Metarhizium_brunneum	GCA_013426205.1
Metarhizium_guizhouense	GCA_000814955.1
Metarhizium_humberi	GCA_020102295.1
Metarhizium_majus	GCF_000814945.1
Metarhizium_rileyi	GCA_007866325.1
Metarhizium_robertsii	GCA_000591435.1
Metschnikowia_aff_pulcherrima	GCA_004217705.1
Metschnikowia_bicuspidata	GCA_003614695.1
Metschnikowia_persimmonesis	GCA_014905795.1
Metschnikowia_sp_JCM_33374	GCA_005406065.1
Meyerozyma_guilliermondii	GCF_000149425.1
Meyerozyma_sp_JA9	GCA_003676015.1
Microbotryum_intermedium	GCA_900096595.1
Microbotryum_lychnidis-dioicae	GCA_000166175.1
Microbotryum_saponariae	GCA_900102585.1
Microbotryum_silenes-dioicae	GCA_900120095.1
Microdochium_bolleyi	GCA_001566295.1
Microdochium_trichocladiopsis	GCA_020744255.1
Microsporum_canis	GCF_000151145.1
Microthyrium_microscopicum	GCA_010405405.1
Mitosporidium_daphniae	GCF_000760515.2
Mixia_osmundae	GCF_000708205.1
Modicella_reniformis	GCA_015849295.1
Moelleriella_libera	GCA_001636675.1
Moesziomyces_antarcticus	GCF_000747765.1
Moesziomyces_aphidis	GCA_000517465.1
Mollisia_scopiformis	GCF_001500285.1
Monascus_purpureus	GCA_006542485.1
Monilinia_fructicola	GCA_008692225.1
Monilinia_fructigena	GCA_003260565.1
Monilinia_laxa	GCA_009299455.1
Monilinia_vaccinii-corymbosi	GCA_017357885.1
Moniliophthora_perniciosa	GCA_000183025.1
Moniliophthora_roreri	GCA_001466705.1
Monosporascus_cannonballus	GCA_004154925.1
Monosporascus_ibericus	GCA_004154915.1
Monosporascus_sp_5C6A	GCA_004155035.1
Monosporascus_sp_CRB-8-3	GCA_004155055.1
Monosporascus_sp_CRB-9-2	GCA_004155915.1
Monosporascus_sp_GIB2	GCA_004155935.1
Monosporascus_sp_MC13-8B	GCA_004154975.1
Monosporascus_sp_mg162	GCA_004155945.1
Morchella_conica	GCA_003790465.1
Morchella_sextelata	GCF_020137385.1
Mortierella_alpina	GCA_015679415.1
Mortierella_antarctica	GCA_015849325.1
Mortierella_polycephala	GCA_016098165.1
Mortierella_sp_14UC	GCA_015502465.1
Mortierella_sp_AD011	GCA_015679695.1
Mortierella_sp_AD031	GCA_015502475.1
Mortierella_sp_AD094	GCA_015679545.1
Mortierella_sp_GBA35	GCA_015502445.1
Mortierella_sp_GBA39	GCA_015502485.1
Mortierella_sp_GBA43	GCA_016098045.1
Mortierella_sp_NVP41	GCA_016098085.1
Mucidula_mucida	GCA_015501055.1
Mucor_circinelloides	GCA_000401635.1
Mucor_lusitanicus	GCA_010203745.1
Mucor_plumbeus	GCA_016758945.1
Mycena_galopus	GCA_014925785.1
Mycena_indigotica	GCF_014461135.1
Mycena_sanguinolenta	GCA_014462675.1
Mycena_venus	GCA_014462655.1
Myriangium_duriaei	GCA_010093895.1
Mytilinidion_resinicola	GCF_010093595.1
Nadsonia_fulvescens	GCA_001661315.1
Naematelia_encephala	GCA_002105065.1
Nannizzia_gypsea	GCF_000150975.2
Naumovozyma_castellii	GCA_000237345.1
Naumovozyma_dairenensis	GCF_000227115.2
Nematocida_displodere	GCA_001642395.1
Nematocida_parisii	GCF_000250985.1
Nematocida_sp_1	GCA_000250695.1
Nematocida_sp_ERTm5	GCA_001642415.1
Neocallimastix_sp_JGI-2020a	GCA_016946835.1
Neofusicoccum_parvum	GCF_000385595.1
Neohortaea_acidophila	GCF_010093505.1
Neolecta_irregularis	GCA_001929475.1
Neolentinus_lepideus	GCA_001632425.1
Neonectria_ditissima	GCA_001306435.1
Neopestalotiopsis_clavispora	GCA_014621435.1
Neopestalotiopsis_sp_37M	GCA_011058875.1
Neurospora_crassa	GCF_000182925.2
Neurospora_tetrasperma	GCF_000213175.1
Nosema_apis	GCA_000447185.1
Nosema_bombycis	GCA_000383075.1
Nosema_ceranae	GCF_000988165.1
Nosema_granulosis	GCA_015832245.1
Obba_rivulosa	GCA_001687445.1
Ogataea_angusta	GCF_019207475.1
Ogataea_haglerorum	GCF_019207285.1
Ogataea_parapolymorpha	GCA_019207595.1
Ogataea_philodendri	GCA_020536065.1
Ogataea_polymorpha	GCF_001664045.1
Ogataea_thermophila	GCA_020536115.1
Oidiodendron_maius	GCA_000827325.1
Oidium_neolycopersici	GCA_003610855.1
Ophiobolus_disseminans	GCA_010093685.1
Ophiocordyceps_australis	GCA_002591415.1
Ophiocordyceps_camponoti-floridani	GCA_012980515.1
Ophiocordyceps_camponoti-leonardi	GCA_003339455.1
Ophiocordyceps_camponoti-rufipedis	GCA_002591395.1
Ophiocordyceps_camponoti-saundersi	GCA_003339415.1
Ophiocordyceps_polyrhachis-furcata	GCA_001633055.2
Ophiocordyceps_sinensis	GCA_012934285.1
Ophiocordyceps_unilateralis	GCA_001272575.2
Ophiostoma_piceae	GCA_000410735.1
Orbilia_oligospora	GCA_004768765.1
Ordospora_colligata	GCA_004324935.1
Pachysolen_tannophilus	GCA_001661245.1
Paecilomyces_variotii	GCF_004022145.1
Panaeolus_cyanescens	GCA_002938355.1
Panaeolus_papilionaceus	GCA_015501605.1
Paracoccidioides_brasiliensis	GCA_001713645.1
Paracoccidioides_lutzii	GCF_000150705.2
Paraglomus_brasilianum	GCA_910592345.1
Paraphaeosphaeria_sporulosa	GCF_001642045.1
Paraphoma_chrysanthemicola	GCA_020744225.1
Parasitella_parasitica	GCA_000938895.1
Parastagonospora_nodorum	GCA_020557385.1
Patellaria_atrata	GCA_010093705.1
Paxillus_ammoniavirescens	GCA_014904835.1
Paxillus_involutus	GCA_000827475.1
Paxillus_rubicundulus	GCA_000827395.1
Peltaster_fructicola	GCA_001592805.2
Penicilliopsis_zonata	GCF_001890105.1
Penicillium_antarcticum	GCA_002072345.1
Penicillium_arizonense	GCF_001773325.1
Penicillium_brasilianum	GCA_001048715.1
Penicillium_camemberti	GCA_000513335.1
Penicillium_chrysogenum	GCA_000710275.1
Penicillium_coprophilum	GCA_002072405.1
Penicillium_crustosum	GCA_014621375.1
Penicillium_decumbens	GCA_002072245.1
Penicillium_digitatum	GCA_012295545.2
Penicillium_expansum	GCF_000769745.1
Penicillium_flavigenum	GCA_002072365.1
Penicillium_freii	GCA_001513925.1
Penicillium_griseofulvum	GCF_001561935.1
Penicillium_italicum	GCA_000769765.1
Penicillium_nalgiovense	GCA_002072425.1
Penicillium_nordicum	GCA_001278595.1
Penicillium_oxalicum	GCA_000346795.1
Penicillium_polonicum	GCA_002072265.1
Penicillium_rolfsii	GCA_011392555.1
Penicillium_roqueforti	GCF_015533775.1
Penicillium_rubens	GCA_011058885.1
Penicillium_solitum	GCF_002072235.1
Penicillium_sp_occitanis	GCA_002382855.1
Penicillium_sp_RFL-2021a	GCA_014839625.1
Penicillium_sp_str_12	GCA_013138035.1
Penicillium_steckii	GCA_002072375.1
Penicillium_subrubescens	GCA_001908125.1
Penicillium_vulpinum	GCA_002072255.1
Peniophora_sp_CBMAI_1063	GCA_900536885.1
Peniophora_sp_CONT	GCA_001632445.1
Periconia_macrospinosa	GCA_003073855.1
Pestalotiopsis_fici	GCF_000516985.1
Phaeoacremonium_minimum	GCF_000392275.1
Phaeomoniella_chlamydospora	GCA_001006345.1
Phaeosphaeria_sp_MPI-PUGE-AT-0046c	GCA_020747045.1
Phanerochaete_carnosa	GCF_000300595.1
Phanerochaete_sordida	GCA_019973155.1
Phellinidium_pouzarii	GCA_004802695.1
Phialemoniopsis_curvata	GCF_004353045.1
Phialocephala_subalpina	GCA_900073065.1
Phialophora_americana	GCA_000835435.1
Phialophora_attinorum	GCF_001299255.1
Phlebia_centrifuga	GCA_001913855.2
Phlebiopsis_gigantea	GCA_000832265.1
Pholiota_conissans	GCA_015484465.1
Pholiota_molesta	GCA_014925825.1
Phycomyces_blakesleeanus	GCF_001638985.1
Physcia_stellaris	GCA_018902385.1
Pichia_kudriavzevii	GCF_003054445.1
Pichia_membranifaciens	GCA_001950575.1
Piedraia_hortae	GCA_010093745.1
Piloderma_croceum	GCA_000827315.1
Piromyces_finnis	GCA_002104945.1
Piromyces_sp_E2	GCA_002157105.1
Pisolithus_microcarpus	GCA_000827275.1
Pisolithus_tinctorius	GCA_000827335.1
Plectosphaerella_cucumerina	GCA_020746995.1
Plectosphaerella_plurivora	GCA_020726575.1
Plenodomus_tracheiphilus	GCA_010093695.1
Pleomassaria_siparia	GCA_010093715.1
Pleurotus_cornucopiae	GCA_019677325.2
Pleurotus_eryngii	GCA_015484515.1
Pleurotus_ostreatoroseus	GCA_005298045.1
Pleurotus_ostreatus	GCF_014466165.1
Pleurotus_pulmonarius	GCA_012980535.1
Plicaturopsis_crispa	GCA_000827205.1
Pluteus_cervinus	GCA_004369065.1
Pneumocystis_canis	GCA_017311265.1
Pneumocystis_carinii	GCF_001477545.1
Pneumocystis_jirovecii	GCA_000333975.2
Pneumocystis_murina	GCF_000349005.2
Pneumocystis_oryctolagi	GCA_017311285.1
Pneumocystis_sp_macacae	GCA_018127085.1
Pneumocystis_wakefieldiae	GCA_017301755.1
Pochonia_chlamydosporia	GCF_001653235.2
Podila_clonocystis	GCA_015852385.1
Podila_epicladia	GCA_015852495.1
Podila_epigama	GCA_015679605.1
Podila_horticola	GCA_015679535.1
Podila_humilis	GCA_016097945.1
Podila_minutissima	GCA_016098005.1
Podila_verticillata	GCA_015529785.1
Podospora_anserina	GCF_000226545.1
Podospora_comata	GCA_900290415.1
Polychaeton_citri	GCA_010093785.1
Polyplosphaeria_fusca	GCA_010093805.1
Polyporus_arcularius	GCA_004369055.1
Polyporus_brumalis	GCA_003367725.1
Polytolypa_hystricis	GCA_002573605.1
Postia_placenta	GCA_015832375.1
Powellomyces_hirtus	GCA_006536005.1
Protomyces_lactucae-debilis	GCF_002105105.1
Pseudocercospora_eumusae	GCA_001578235.1
Pseudocercospora_fijiensis	GCF_000340215.1
Pseudocercospora_fuligena	GCA_014298035.1
Pseudocercospora_musae	GCA_001578225.1
Pseudogymnoascus_destructans	GCF_001641265.1
Pseudogymnoascus_sp_03VT05	GCA_001662645.1
Pseudogymnoascus_sp_05NY08	GCA_001662605.1
Pseudogymnoascus_sp_23342-1-I1	GCA_001662575.1
Pseudogymnoascus_sp_24MN13	GCA_001662595.1
Pseudogymnoascus_sp_VKM_F-103	GCA_000750895.1
Pseudogymnoascus_sp_VKM_F-3557	GCA_000750665.1
Pseudogymnoascus_sp_VKM_F-3775	GCA_000750715.1
Pseudogymnoascus_sp_VKM_F-3808	GCA_000750675.1
Pseudogymnoascus_sp_VKM_F-4246	GCA_000750735.1
Pseudogymnoascus_sp_VKM_F-4281_FW-2241	GCA_000750745.1
Pseudogymnoascus_sp_VKM_F-4513_FW-928	GCA_000750755.1
Pseudogymnoascus_sp_VKM_F-4514_FW-929	GCA_000750795.1
Pseudogymnoascus_sp_VKM_F-4515_FW-2607	GCA_000750805.1
Pseudogymnoascus_sp_VKM_F-4516_FW-969	GCA_000750815.1
Pseudogymnoascus_sp_VKM_F-4517_FW-2822	GCA_000750875.1
Pseudogymnoascus_sp_VKM_F-4518_FW-2643	GCA_000750925.1
Pseudogymnoascus_sp_VKM_F-4519_FW-2642	GCA_000750935.1
Pseudogymnoascus_sp_VKM_F-4520_FW-2644	GCA_000750995.1
Pseudogymnoascus_sp_WSF_3629	GCA_001662585.1
Pseudogymnoascus_verrucosus	GCF_001662655.1
Pseudoloma_neurophilia	GCA_001432165.1
Pseudomassariella_vexata	GCF_002105095.1
Pseudomicrostroma_glucosiphilum	GCF_003144135.1
Pseudotulostoma_volvatum	GCA_019804575.1
Pseudovirgaria_hyperparasitica	GCF_010093815.1
Pseudozyma_flocculosa	GCA_900322975.1
Pseudozyma_hubeiensis	GCF_000403515.1
Psilocybe_cf_subviscida	GCA_013368295.1
Psilocybe_cubensis	GCA_017499595.1
Psilocybe_cyanescens	GCA_002938375.1
Pterula_gracilis	GCA_004369125.1
Puccinia_coronata	GCA_002873125.1
Puccinia_graminis	GCA_008520325.1
Puccinia_sorghi	GCA_001263375.1
Puccinia_striiformis	GCA_002920065.1
Puccinia_triticina	GCA_000151525.2
Punctularia_strigosozonata	GCF_000264995.1
Purpureocillium_lilacinum	GCF_001653265.1
Pyrenochaeta_sp_DS3sAY3a	GCA_001644535.1
Pyrenochaeta_sp_MPI-SDFR-AT-0127	GCA_020747015.1
Pyrenophora_seminiperda	GCA_000465215.2
Pyrenophora_teres	GCA_900231935.2
Pyrenophora_tritici-repentis	GCA_003171515.3
Pyricularia_grisea	GCF_004355905.1
Pyricularia_oryzae	GCA_004346965.1
Pyricularia_pennisetigena	GCF_004337985.1
Pyricularia_sp_CBS_133598	GCA_004337975.1
Pyrrhoderma_noxium	GCA_002287475.2
Rachicladosporium_antarcticum	GCA_002077065.1
Racocetra_fulgida	GCA_910592135.1
Ramaria_rubella	GCA_015039355.1
Ramularia_collo-cygni	GCF_900074925.1
Rasamsonia_emersonii	GCF_000968595.1
Rhexocercosporidium_sp_MPI-PUGE-AT-0058	GCA_020746875.1
Rhinocladiella_mackenziei	GCF_000835555.1
Rhizoclosmatium_globosum	GCA_002104985.1
Rhizoctonia_solani	GCF_016906535.1
Rhizodiscina_lignyota	GCA_010015805.1
Rhizophagus_clarus	GCA_015698045.1
Rhizophagus_irregularis	GCA_001593125.1
Rhizophagus_sp_MUCL_43196	GCA_003549995.1
Rhizopogon_vesiculosus	GCA_001882365.1
Rhizopogon_vinicolor	GCA_001658105.1
Rhizopus_arrhizus	GCA_011763775.1
Rhizopus_azygosporus	GCA_003325435.1
Rhizopus_delemar	GCA_011763585.1
Rhizopus_microsporus	GCA_002083735.1
Rhizopus_stolonifer	GCA_003325415.1
Rhodocollybia_butyracea	GCA_015501585.1
Rhodotorula_diobovata	GCA_006352295.1
Rhodotorula_graminis	GCF_001329695.1
Rhodotorula_mucilaginosa	GCA_016584205.1
Rhodotorula_sp_CCFEE_5036	GCA_005059875.1
Rhodotorula_sp_JG-1b	GCA_001541205.1
Rhodotorula_taiwanensis	GCA_002922495.1
Rhodotorula_toruloides	GCA_000988875.2
Rhynchosporium_agropyri	GCA_900074905.1
Rhynchosporium_commune	GCA_900074885.1
Rhynchosporium_secalis	GCA_900074895.1
Rickenella_mellea	GCA_004355085.1
Rosellinia_necatrix	GCA_001445595.3
Rozella_allomycis	GCA_000442015.1
Russula_emetica	GCA_015178925.1
Russula_ochroleuca	GCA_015178965.1
Rutstroemia_sp_NJR-2017a_BBW	GCA_002946425.1
Rutstroemia_sp_NJR-2017a_BVV2	GCA_002946415.1
Rutstroemia_sp_NJR-2017a_WRK4	GCA_002946385.1
Saccharata_proteae	GCA_010015785.1
Saccharomyces_arboricola	GCA_000292725.1
Saccharomyces_boulardii	GCA_001413975.1
Saccharomyces_cerevisiae	GCA_001634645.1
Saccharomyces_cerevisiae_x_Saccharomyces_kudriavzevii	GCA_000326105.1
Saccharomyces_eubayanus	GCF_001298625.1
Saccharomyces_kudriavzevii	GCA_000167075.2
Saccharomyces_paradoxus	GCF_002079055.1
Saccharomyces_pastorianus	GCA_011022315.1
Saccharomycodes_ludwigii	GCA_020623625.1
Saitoella_complicata	GCF_001661265.1
Saitozyma_podzolica	GCA_003942215.1
Saitozyma_sp_JCM_24511	GCA_001600855.1
Sanghuangporus_baumii	GCA_001481415.2
Saprochaete_ingens	GCF_902498895.1
Scedosporium_apiospermum	GCF_000732125.1
Scheffersomyces_spartinae	GCF_019049425.1
Scheffersomyces_stipitis	GCA_016859295.1
Schizophyllum_commune	GCF_000143185.1
Schizopora_paradoxa	GCA_001020605.1
Schizosaccharomyces_cryophilus	GCF_000004155.1
Schizosaccharomyces_japonicus	GCF_000149845.2
Schizosaccharomyces_octosporus	GCF_000150505.1
Schizosaccharomyces_pombe	GCF_000002945.1
Scleroderma_citrinum	GCA_000827425.1
Sclerotinia_borealis	GCA_000503235.1
Sclerotinia_sclerotiorum	GCF_000146945.2
Sclerotinia_trifoliorum	GCA_905066765.1
Sclerotium_cepivorum	GCA_014898415.1
Scutellospora_calospora	GCA_910592325.1
Scytalidium_lignicola	GCA_002812745.2
Scytalidium_sp_3C	GCA_000743665.3
Serendipita_indica	GCA_910890315.1
Serendipita_sp_396	GCA_019616975.1
Serendipita_sp_397	GCA_019623665.1
Serendipita_sp_398	GCA_019623675.1
Serendipita_sp_399	GCA_019627685.1
Serendipita_sp_400	GCA_019627735.1
Serendipita_sp_401	GCA_019627725.1
Serendipita_sp_405	GCA_019627745.1
Serendipita_sp_407	GCA_019633565.1
Serendipita_sp_411	GCA_019627755.1
Serendipita_vermifera	GCA_003073295.1
Serpula_lacrymans	GCA_000218725.1
Setomelanomma_holmii	GCA_010015745.1
Sistotremastrum_niveocremeum	GCA_001630475.1
Sistotremastrum_suecicum	GCA_001632355.1
Smittium_angustum	GCA_003097675.1
Smittium_culicis	GCA_001970855.1
Smittium_megazygosporum	GCA_003086715.1
Smittium_mucronatum	GCA_001953115.1
Smittium_simulii	GCA_003086735.1
Sodiomyces_alkalinus	GCF_003711515.1
Sordaria_macrospora	GCA_008692325.1
Sordaria_sp_MPI-SDFR-AT-0083	GCA_020800285.1
Sparassis_crispa	GCF_003851025.1
Spathaspora_passalidarum	GCF_000223485.1
Spathaspora_sp_JA1	GCA_003676035.1
Sphaceloma_murrayae	GCA_002895985.1
Sphaerobolus_stellatus	GCA_000827215.1
Sphaerosporella_brunnea	GCA_008704415.1
Sphaerulina_musiva	GCF_000320565.1
Sphagnurus_paluster	GCA_018282025.1
Spizellomyces_punctatus	GCF_000182565.1
Spizellomyces_sp_palustris	GCA_006535965.1
Sporisorium_graminicola	GCF_005498985.1
Sporisorium_reilianum	GCA_000230245.1
Sporisorium_scitamineum	GCA_900002365.1
Sporormia_fimetaria	GCA_010093795.1
Sporothrix_brasiliensis	GCF_000820605.1
Sporothrix_insectorum	GCA_001636815.1
Sporothrix_schenckii	GCF_000961545.1
Spraguea_lophii	GCA_000430065.1
Stachybotrys_chartarum	GCA_000732765.1
Stachybotrys_chlorohalonata	GCA_000732775.1
Stachybotrys_elegans	GCA_020746835.1
Stagonospora_sp_SRC1lsM3a	GCA_001644525.1
Staphylotrichum_longicolle	GCA_019096155.1
Steccherinum_ochraceum	GCA_004332605.1
Stemphylium_lycopersici	GCA_003268315.1
Stereum_hirsutum	GCF_000264905.1
Stylonectria_norvegica	GCA_014621405.1
Sugiyamaella_lignohabitans	GCF_001640025.1
Suhomyces_tanzawaensis	GCF_001661415.1
Suillus_americanus	GCA_016695465.1
Suillus_ampliporus	GCA_016584345.1
Suillus_bovinus	GCF_016758785.1
Suillus_brevipes	GCA_011800875.2
Suillus_clintonianus	GCF_016758775.1
Suillus_cothurnatus	GCA_016758765.1
Suillus_decipiens	GCA_016695475.1
Suillus_discolor	GCF_016758755.1
Suillus_fuscotomentosus	GCF_016647785.1
Suillus_hirtellus	GCA_016695485.1
Suillus_lakei	GCA_016628065.1
Suillus_luteus	GCA_000827255.1
Suillus_occidentalis	GCA_016628085.1
Suillus_paluster	GCF_016628075.1
Suillus_placidus	GCA_016628565.1
Suillus_plorans	GCF_016647745.1
Suillus_spraguei	GCA_016800925.1
Suillus_subalutaceus	GCF_016647625.1
Suillus_subaureus	GCF_016647635.1
Suillus_subluteus	GCA_016647755.1
Suillus_tomentosus	GCA_016647685.1
Suillus_variegatus	GCA_016647645.1
Suillus_weaverae	GCA_016767475.1
Syncephalastrum_racemosum	GCA_002105135.1
Synchytrium_endobioticum	GCA_006535955.1
Synchytrium_microbalum	GCF_006535985.1
Talaromyces_amestolkiae	GCF_001896365.1
Talaromyces_atroroseus	GCF_001907595.1
Talaromyces_cellulolyticus	GCA_000829775.1
Talaromyces_islandicus	GCA_000985935.1
Talaromyces_marneffei	GCA_009556855.1
Talaromyces_pinophilus	GCA_011392495.1
Talaromyces_rugulosus	GCF_013368755.1
Talaromyces_stipitatus	GCF_000003125.1
Talaromyces_verruculosus	GCA_001305275.1
Taphrina_deformans	GCA_000312925.2
Tephrocybe_rancida	GCA_018858115.1
Tephrocybe_sp_NHM501043	GCA_018855915.1
Teratosphaeria_nubilosa	GCA_010093825.1
Terfezia_boudieri	GCA_003788615.2
Terfezia_claveryi	GCA_015179025.1
Termitomyces_sp_cryptogamus	GCA_020091625.1
Termitomyces_sp_J132	GCA_001263195.1
Termitomyces_sp_Mi166_008	GCA_018857285.1
Termitomyces_sp_Mn162	GCA_017607575.1
Termitomyces_sp_T112	GCA_018296085.1
Termitomyces_sp_T153	GCA_018296165.1
Termitomyces_sp_T159_Od127	GCA_018857305.1
Termitomyces_sp_T32_za158	GCA_018857265.1
Testicularia_cyperi	GCA_003144125.1
Tetrapisispora_blattae	GCF_000315915.1
Tetrapisispora_phaffii	GCF_000236905.1
Tetrapyrgos_nigripes	GCA_013368315.1
Thamnidium_elegans	GCA_016758935.1
Thelephora_ganbajun	GCA_014904855.1
Thelephora_terrestris	GCA_015956445.1
Thelohania_contejeani	GCA_014805555.1
Thelonectria_olida	GCA_020736575.1
Thermothelomyces_thermophilus	GCF_000226095.1
Thermothielavioides_terrestris	GCA_900343105.1
Thielaviopsis_punctulata	GCA_000968615.1
Tilletia_caries	GCA_001645005.2
Tilletia_controversa	GCA_001645045.2
Tilletia_indica	GCA_001645015.2
Tilletia_laevis	GCA_009428275.1
Tilletia_walkeri	GCA_009428295.1
Tilletiaria_anomala	GCF_000711695.1
Tilletiopsis_washingtonensis	GCF_003144115.1
Tirmania_nivea	GCA_015179035.1
Tolypocladium_capitatum	GCA_002901185.1
Tolypocladium_ophioglossoides	GCA_001189435.1
Tolypocladium_paradoxum	GCA_002916505.1
Torrubiella_hemipterigena	GCA_000825705.1
Tortispora_caseinolytica	GCA_001661475.1
Torulaspora_delbrueckii	GCF_000243375.1
Torulaspora_globosa	GCF_014133895.1
Torulaspora_sp_CBS_2947	GCA_013694445.1
Tothia_fuscella	GCA_010583015.1
Trachipleistophora_hominis	GCA_000316135.1
Trametes_cinnabarina	GCA_000765035.1
Trametes_coccinea	GCA_002092935.1
Trametes_pubescens	GCA_001895945.1
Trametes_versicolor	GCF_000271585.1
Trematosphaeria_pertusa	GCF_010094035.1
Tremella_mesenterica	GCA_004117975.1
Trichodelitschia_bisporula	GCA_010356995.1
Trichoderma_arundinaceum	GCA_003012105.1
Trichoderma_asperellum	GCA_013423425.1
Trichoderma_atroviride	GCF_000171015.1
Trichoderma_citrinoviride	GCF_003025115.1
Trichoderma_cornu-damae	GCA_020631695.1
Trichoderma_gamsii	GCF_001481775.2
Trichoderma_gracile	GCA_020002365.1
Trichoderma_guizhouense	GCA_002022785.1
Trichoderma_harzianum	GCA_000988865.1
Trichoderma_lentiforme	GCA_011066345.1
Trichoderma_longibrachiatum	GCA_003025155.1
Trichoderma_parareesei	GCA_001050175.1
Trichoderma_reesei	GCF_000167675.1
Trichoderma_semiorbis	GCA_020045945.2
Trichoderma_simmonsii	GCA_019565615.1
Trichoderma_virens	GCF_000170995.1
Trichoglossum_hirsutum	GCA_020080795.1
Tricholoma_furcatifolium	GCA_018854895.1
Tricholoma_matsutake	GCA_014904895.1
Tricholomella_constricta	GCA_013368375.1
Trichomonascus_ciferrii	GCA_008704605.1
Trichophaea_hybrida	GCA_015178995.1
Trichophyton_benhamiae	GCF_000151125.1
Trichophyton_equinum	GCA_000151175.1
Trichophyton_interdigitale	GCA_019359935.1
Trichophyton_rubrum	GCA_000812105.1
Trichophyton_soudanense	GCA_000616865.1
Trichophyton_tonsurans	GCA_000151455.1
Trichophyton_verrucosum	GCF_000151505.1
Trichophyton_violaceum	GCA_001651435.1
Trichosporon_asahii	GCF_000293215.1
Truncatella_angustata	GCA_020726525.1
Tuber_borchii	GCA_003070745.1
Tuber_brumale	GCA_014065205.1
Tuber_indicum	GCA_014065215.1
Tuber_magnatum	GCA_003182015.1
Tuber_melanosporum	GCA_000151645.1
Tubulinosema_ratisbonensis	GCA_004000155.1
Tulasnella_calospora	GCA_000827465.1
Tulasnella_sp_330	GCA_019632275.1
Tulasnella_sp_331	GCA_019632265.1
Tulasnella_sp_332	GCA_019632285.1
Tulasnella_sp_403	GCA_019632305.1
Tulasnella_sp_408	GCA_019633405.1
Tulasnella_sp_417	GCA_019633465.1
Tulasnella_sp_418	GCA_019632295.1
Tulasnella_sp_419	GCA_019633455.1
Tulasnella_sp_424	GCA_019633425.1
Tulasnella_sp_425	GCA_019633485.1
Tulasnella_sp_427	GCA_019633495.1
Tulasnella_sp_JGI-2019a	GCA_019633535.1
Tulasnella_sp_UAMH_9824	GCA_019633595.1
Tulosesus_angulatus	GCA_013368325.1
Umbelopsis_isabellina	GCA_016758905.1
Umbelopsis_vinacea	GCA_016758895.1
Uncinocarpus_reesii	GCF_000003515.1
Ustilaginoidea_virens	GCF_000687475.1
Ustilago_bromivora	GCA_900080155.1
Ustilago_hordei	GCF_900519145.1
Ustilago_maydis	GCF_000328475.2
Ustilago_sp_UG-2017a	GCA_900242705.1
Ustilago_sp_UG-2017b	GCA_900242695.1
Ustilago_trichophora	GCA_900323505.1
Valsa_mali	GCA_000818155.1
Valsa_malicola	GCA_003795315.1
Valsa_sordida	GCA_003795275.1
Vanderwaltozyma_polyspora	GCF_000150035.1
Vanrija_humicola	GCA_008065275.1
Vavraia_culicis	GCF_000192795.1
Venturia_effusa	GCA_007735645.1
Venturia_inaequalis	GCA_009769405.1
Venturia_nashicola	GCA_004522665.1
Venustampulla_echinocandica	GCF_003357145.1
Verruconis_gallopava	GCF_000836295.1
Verticillium_alfalfae	GCF_000150825.1
Verticillium_dahliae	GCA_002892985.1
Verticillium_longisporum	GCA_001268145.1
Verticillium_nonalfalfae	GCF_003724135.2
Violaceomyces_palustris	GCA_003144235.1
Viridothelium_virens	GCA_010094025.1
Vittaforma_corneae	GCF_000231115.1
Volvariella_volvacea	GCA_001691835.3
Wallemia_hederae	GCA_004918325.1
Wallemia_ichthyophaga	GCA_004917845.1
Wallemia_mellicola	GCA_004917925.1
Westerdykella_ornata	GCF_010094085.1
Wickerhamiella_sorbophila	GCF_002251995.1
Wickerhamomyces_anomalus	GCF_001661255.1
Wickerhamomyces_ciferrii	GCF_000313485.1
Wickerhamomyces_mucosus	GCA_020536175.1
Wickerhamomyces_pijperi	GCA_020536225.1
Wilcoxina_mikolae	GCA_014904905.1
Wolfiporia_cocos	GCA_000344635.1
Xerocomus_badius	GCA_015039435.1
Xylaria_flabelliformis	GCA_007182795.1
Xylaria_grammica	GCA_004014815.1
Xylaria_hypoxylon	GCA_004768795.1
Xylaria_longipes	GCA_003426265.1
Xylaria_multiplex	GCA_011057905.1
Xylona_heveae	GCF_001619985.1
Yamadazyma_tenuis	GCF_000223465.1
Yarrowia_lipolytica	GCA_001761485.1
Yarrowia_sp_B02	GCA_017635955.1
Yarrowia_sp_C11	GCA_017639385.1
Yarrowia_sp_E02	GCA_017639365.1
Zancudomyces_culisetae	GCA_001969505.1
Zasmidium_cellare	GCF_010093935.1
Zopfia_rhizophila	GCA_010093925.1
Zygosaccharomyces_bailii	GCA_900162805.1
Zygosaccharomyces_mellis	GCA_005406105.1
Zygosaccharomyces_parabailii	GCA_001984395.2
Zygosaccharomyces_rouxii	GCF_000026365.1
Zygotorulaspora_mrakii	GCF_013402915.1
Zymoseptoria_brevis	GCA_000966595.1
Zymoseptoria_tritici	GCF_000219625.1